{
  "modelName": "tree0",
  "modelUrl": "tree0.glb",
  "alpha": -0.21011850056171705,
  "beta": 1.890675728117715,
  "radius": 14.730502721597189,
  "target": {
    "x": 0,
    "y": 0,
    "z": 0
  }
}