{
  "modelName": "tree0",
  "modelUrl": "tree0.glb",
  "alpha": 0.1591958645075058,
  "beta": 1.4201576493532047,
  "radius": 23.480858923239037,
  "target": {
    "x": -0.8948470945777691,
    "y": 5.95001280849282,
    "z": -0.12371575562258713
  }
}