{
  "modelName": "tree0",
  "modelUrl": "/models/tree0.glb",
  "alpha": -0.5176635260664694,
  "beta": 1.3318636307216434,
  "radius": 26.105017419239417,
  "target": {
    "x": -1.822569027939557,
    "y": 5.8485158204374805,
    "z": -0.32162533117360137
  }
}